Title,Company,Location,Stipend,Link
Full Stack Development,The Learn Cloud,Work from home,"₹ 6,000 /month +  Incentives",/internship/detail/work-from-home-part-time-full-stack-development-internship-at-the-learn-cloud1742190242
Quality Control (QC) (Malayalam Transcription),Indika AI Private Limited,Work from home,"₹ 10,000 /month",/internship/detail/work-from-home-part-time-quality-control-qc-malayalam-transcription-internship-at-indika-ai-private-limited1742184867
React Native Developer,ZUPSER TECH PRIVATE LIMITED,Work from home,"₹ 5,000-10,000 /month",/internship/detail/work-from-home-part-time-react-native-developer-internship-at-zupser-tech-private-limited1742185276
Quality Control (QC) - Punjabi Transcription,Indika AI Private Limited,Work from home,"₹ 10,000 /month",/internship/detail/work-from-home-part-time-quality-control-qc-punjabi-transcription-internship-at-indika-ai-private-limited1742184969
Web Design Content Writing,Earth5R,Work from home,Unpaid,/internship/detail/work-from-home-part-time-web-design-content-writing-internship-at-earth5r1742186911
Quality Control (QC) - Gujarati Transcription,Indika AI Private Limited,Work from home,"₹ 10,000 /month",/internship/detail/work-from-home-part-time-quality-control-qc-gujarati-transcription-internship-at-indika-ai-private-limited1742185049
PHP Development,S1 SHIPLEE (OPC) PRIVATE LIMITED,Work from home,"₹ 2,000 /month",/internship/detail/work-from-home-php-development-internship-at-s1-shiplee-opc-private-limited1742185492
Python Development,Resolute AI Software Private Limited,Work from home,"₹ 3,000-8,000 /month",/internship/detail/work-from-home-python-development-internship-at-resolute-ai-software-private-limited1742185863
Full Stack Development,Soundverse AI,Work from home,"₹ 10,000 /month",/internship/detail/work-from-home-full-stack-development-internship-at-soundverse-ai1742185246
React Native Developer,StoreShoppy Online Services Private Limited,"Faridabad, Delhi, Gurgaon, Noida","₹ 8,000-12,000 /month",/internship/detail/react-native-developer-internship-in-multiple-locations-at-storeshoppy-online-services-private-limited1742126718
React Native Developer,StoreShoppy Online Services Private Limited,"Faridabad, Delhi, Gurgaon, Noida","₹ 8,000-12,000 /month",/internship/detail/react-native-developer-internship-in-multiple-locations-at-storeshoppy-online-services-private-limited1742126718
Computer Operator,ONE XL INFO LLP,Pimpri-Chinchwad,"₹ 10,000-12,000 /month",/internship/detail/computer-operator-internship-in-pimpri-chinchwad-at-one-xl-info-llp1742037302
Android App Development,Grasphopp Private Limited,Vadodara,"₹ 2,000 /month",/internship/detail/android-app-development-internship-in-vadodara-at-grasphopp-private-limited1740380961
AWS DevOps Engineer,Techify Solutions Pvt Ltd.,Ahmedabad,"₹ 4,000 /month",/internship/detail/aws-devops-engineer-internship-in-ahmedabad-at-techify-solutions-pvt-ltd1741778820
Node.js Development,Techify Solutions Pvt Ltd.,Ahmedabad,"₹ 4,000 /month",/internship/detail/nodejs-development-internship-in-ahmedabad-at-techify-solutions-pvt-ltd1741779590
Artificial Intelligence (AI),CollegeTips Ed Tech Media Private Limited,Bhopal,"₹ 2,000-10,000 /month",/internship/detail/artificial-intelligence-ai-internship-in-bhopal-at-collegetips-ed-tech-media-private-limited1741698396
Cloud Computing,Quantasis Private Limited,Mumbai,"₹ 8,000-15,000 /month",/internship/detail/cloud-computing-internship-in-mumbai-at-quantasis-private-limited1741784351
Full Stack Development,Indika AI Private Limited,Lucknow,"₹ 10,000 /month",/internship/detail/full-stack-development-internship-in-lucknow-at-indika-ai-private-limited1741778881
Artificial Intelligence (AI),Techify Solutions Pvt Ltd.,Ahmedabad,"₹ 4,000 /month",/internship/detail/artificial-intelligence-ai-internship-in-ahmedabad-at-techify-solutions-pvt-ltd1741774429
Technical Support And Development,Geneus Solutions,Bangalore,"₹ 2,000 /month",/internship/detail/part-time-technical-support-and-development-internship-in-bangalore-at-geneus-solutions1742024221
.NET Development,Quantasis Private Limited,Mumbai,"₹ 6,000-12,000 /month",/internship/detail/net-development-internship-in-mumbai-at-quantasis-private-limited1741767522
Product Management,Infoware,Ahmedabad,"₹ 6,000-8,000 /month",/internship/detail/product-management-internship-in-ahmedabad-at-infoware1741251598
Mobile App Development,Silgate Solutions Limited,"Thane, Mumbai","₹ 8,000 /month",/internship/detail/mobile-app-development-internship-in-thane-at-sagar-chhadva1741856020
Flutter Development,Quantasis Private Limited,Mumbai,"₹ 8,000-12,000 /month",/internship/detail/flutter-development-internship-in-mumbai-at-quantasis-private-limited1741857092
Website Developer,LEVELX MICRO SYSTEMES (OPC) PRIVATE LIMITED,Mavelikkara,"₹ 5,000 /month",/internship/detail/website-developer-internship-in-mavelikkara-at-levelx-micro-systemes-opc-private-limited1741324893
Game Development,Kira Studios,Work from home,"₹ 5,000 /month",/internship/detail/work-from-home-part-time-game-development-internship-at-kira-studios1742187941
Artificial Intelligence (AI),Regal InfoNet,Work from home,"₹ 8,000 /month",/internship/detail/work-from-home-artificial-intelligence-ai-internship-at-regal-infonet1742186041
Content Review And Quality Assurance,SpeEdLabs,Work from home,"₹ 5,000 /month",/internship/detail/work-from-home-content-review-and-quality-assurance-internship-at-speedlabs1742185823
Web Development,XLEAP CARE PRIVATE LIMITED,Delhi,"₹ 6,000 /month",/internship/detail/web-development-internship-in-delhi-at-xleap-care-private-limited1742185181
Quality Control (QC)- Bengali Transcription,Indika AI Private Limited,Work from home,"₹ 10,000 /month",/internship/detail/work-from-home-part-time-quality-control-qc-bengali-transcription-internship-at-indika-ai-private-limited1742185130
ReactJS Development,Elv Life Sciences,Work from home,"₹ 25,000-30,000 /month",/internship/detail/work-from-home-part-time-reactjs-development-internship-at-elv-life-sciences1742143018
MERN Stack,Lumen Roads,Bangalore,"₹ 15,000 /month",/internship/detail/mern-stack-internship-in-bangalore-at-lumen-roads1742139350
Cyber Security,Aadhvik Technologies,Work from home,"₹ 1,000 /month",/internship/detail/work-from-home-part-time-cyber-security-internship-at-aadhvik-technologies1742128856
Java Development,Aadhvik Technologies,Work from home,"₹ 1,000 /month",/internship/detail/work-from-home-part-time-java-development-internship-at-aadhvik-technologies1742128837
Full Stack Development,Aadhvik Technologies,Work from home,"₹ 1,000 /month",/internship/detail/work-from-home-part-time-full-stack-development-internship-at-aadhvik-technologies1742128815
Python Development,Solsynch Technologies Private Limited,Mumbai,"₹ 10,000 /month",/internship/detail/python-development-internship-in-mumbai-at-solsynch-technologies-private-limited1742128183
Full Stack Development,INNORIZE ENTERPRISES PRIVATE LIMITED,Hyderabad,"₹ 15,000 /month",/internship/detail/full-stack-development-internship-in-hyderabad-at-innorize-enterprises-private-limited1742120526
Mobile App Development,LC Corporate,Work from home,"₹ 5,000 /month",/internship/detail/work-from-home-part-time-mobile-app-development-internship-at-lc-corporate1742108404
Cyber Security,Cyber Soldiers,Bhopal,"₹ 5,000-8,000 /month",/internship/detail/cyber-security-internship-in-bhopal-at-saurabh-agrawal1742114044
Mobile App Development,Ansh Tiwari,Work from home,"₹ 60,000 /month",/internship/detail/work-from-home-mobile-app-development-internship-at-ansh-tiwari1742113457
Mobile App Development,Brihat Infotech Private Limited,Work from home,"₹ 3,000 /month",/internship/detail/work-from-home-mobile-app-development-internship-at-brihat-infotech-private-limited1742113062
Web Development,Lytz Financial LLC,Work from home,"₹ 10,000-20,000 /month",/internship/detail/work-from-home-web-development-internship-at-lytz-financial-llc1742112527
Backend Development,AngoDigital Technologies PVT LTD,Bangalore,"₹ 5,000 /month +  Incentives",/internship/detail/backend-development-internship-in-bangalore-at-angodigital-technologies-pvt-ltd1742110550
Product Management,Jinee Green Card,Work from home,"₹ 15,000 /month",/internship/detail/work-from-home-product-management-internship-at-jinee-green-card1742101797
Desktop App Developer,Infoware,Work from home,"₹ 5,000-8,000 /month",/internship/detail/work-from-home-desktop-app-developer-internship-at-infoware1742101526
Product Management,EmendoAI,Work from home,"₹ 30,000 /month",/internship/detail/work-from-home-product-management-internship-at-emendoai1742098060
Software Development,SimplerTechnologies,Work from home,"₹ 7,000-20,000 /month",/internship/detail/work-from-home-software-development-internship-at-simplertechnologies1742097479
Artificial Intelligence (AI),Political Sampark,Noida,"₹ 10,000 /month",/internship/detail/artificial-intelligence-ai-internship-in-noida-at-political-sampark1742067414
Chrome Extension Developer,Digital Guruji,Work from home,"₹ 5,000 /month",/internship/detail/work-from-home-part-time-chrome-extension-developer-internship-at-digital-guruji1742060981
Full Stack Developer,Gaincafe Technologies Private Limited,Jaipur,"₹ 6,000 /month",/internship/detail/full-stack-developer-internship-in-jaipur-at-gaincafe-technologies-private-limited1742048861
WordPress Development,Matrix International,Work from home,"₹ 8,000 /month",/internship/detail/work-from-home-wordpress-development-internship-at-matrix-international1742048198
WordPress Development,Matrix International,Work from home,"₹ 8,000 /month",/internship/detail/work-from-home-wordpress-development-internship-at-matrix-international1742048198
Mobile App Development,S1 SHIPLEE (OPC) PRIVATE LIMITED,Work from home,"₹ 2,000 /month",/internship/detail/work-from-home-mobile-app-development-internship-at-s1-shiplee-opc-private-limited1742047723
Mobile App Development,Genesis,Work from home,"₹ 15,000-17,000 /month",/internship/detail/work-from-home-mobile-app-development-internship-at-genesis1742046689
Full Stack Development,S1 SHIPLEE (OPC) PRIVATE LIMITED,Work from home,"₹ 3,000 /month",/internship/detail/work-from-home-full-stack-development-internship-at-s1-shiplee-opc-private-limited1742046580
Python Development,Aadhvik Technologies,Work from home,"₹ 1,000 /month",/internship/detail/work-from-home-part-time-python-development-internship-at-aadhvik-technologies1742044869
Unity App Development,NextIn Labs,Work from home,"₹ 3,000-5,000 /month",/internship/detail/work-from-home-part-time-unity-app-development-internship-at-nextin-labs1742042265
Web Development,Talant Cubicle HR Solution,Kolkata,"₹ 4,000 /month",/internship/detail/web-development-internship-in-kolkata-at-talant-cubicle-hr-solution1742034184
Artificial Intelligence (AI),Matrix International,Work from home,"₹ 10,000 /month",/internship/detail/work-from-home-artificial-intelligence-ai-internship-at-matrix-international1742039649
Generative AI Engineering,RSVR Technlogies Private Limited,Work from home,"₹ 10,000-20,000 /month",/internship/detail/work-from-home-generative-ai-engineering-internship-at-rsvr-technlogies-private-limited1742038536
WordPress Development,SUBHAG,Raipur,"₹ 7,000 /month +  Incentives",/internship/detail/wordpress-development-internship-in-raipur-at-subhag1742038416
Front End Development,Supervaisor.AI,Work from home,"₹ 5,000 /month",/internship/detail/work-from-home-front-end-development-internship-at-supervaisorai1742038115
Backend Development,Supervaisor.AI,Work from home,"₹ 7,000 /month",/internship/detail/work-from-home-backend-development-internship-at-supervaisorai1742037997
Flutter Development,Kvest,Work from home,"₹ 2,000 /month",/internship/detail/work-from-home-flutter-development-internship-at-kvest1742036742
Next.js Developer,APTAGRIM CONSULTING PRIVATE LIMITED,Hyderabad,"₹ 15,000 /month",/internship/detail/nextjs-developer-internship-in-hyderabad-at-aptagrim-consulting-private-limited1742036654
Django Developer,APTAGRIM CONSULTING PRIVATE LIMITED,Hyderabad,"₹ 15,000 /month",/internship/detail/django-developer-internship-in-hyderabad-at-aptagrim-consulting-private-limited1742036557
QA Automation Engineer,APTAGRIM CONSULTING PRIVATE LIMITED,Hyderabad,"₹ 15,000 /month",/internship/detail/qa-automation-engineer-internship-in-hyderabad-at-aptagrim-consulting-private-limited1742036490
DevOps Engineer,APTAGRIM CONSULTING PRIVATE LIMITED,Hyderabad,"₹ 15,000 /month",/internship/detail/devops-engineer-internship-in-hyderabad-at-aptagrim-consulting-private-limited1742036286
Mobile App Development,GenexCorp,Work from home,"₹ 3,000-5,000 /month",/internship/detail/work-from-home-mobile-app-development-internship-at-genexcorp1742035833
AI Engineer,APTAGRIM CONSULTING PRIVATE LIMITED,Hyderabad,"₹ 15,000 /month",/internship/detail/ai-engineer-internship-in-hyderabad-at-aptagrim-consulting-private-limited1742035373
Quality Analyst,House Of Marktech,Gurgaon,"₹ 30,000 lump sum +  Incentives",/internship/detail/quality-analyst-internship-in-gurgaon-at-house-of-marktech1742034744
Full Stack Development,House Of Marktech,Gurgaon,"₹ 45,000 lump sum +  Incentives",/internship/detail/full-stack-development-internship-in-gurgaon-at-house-of-marktech1742034599
Backend Development,House Of Marktech,Gurgaon,"₹ 30,000 lump sum +  Incentives",/internship/detail/backend-development-internship-in-gurgaon-at-house-of-marktech1742034430
Front End Development,House Of Marktech,Gurgaon,"₹ 30,000 lump sum +  Incentives",/internship/detail/front-end-development-internship-in-gurgaon-at-house-of-marktech1742033907
Product,Eqaro Surety Private Limited,Noida,"₹ 20,000 /month",/internship/detail/product-internship-in-noida-at-eqaro-surety-private-limited1742030655
WordPress Development,Sereniity Events,Pune,"₹ 6,000-9,000 /month",/internship/detail/wordpress-development-internship-in-pune-at-sereniity-events1742023434
Full Stack Development,Rentkar-Switch To Share,Mumbai,"₹ 12,000-14,000 /month",/internship/detail/full-stack-development-internship-in-mumbai-at-rentkar-switch-to-share1742027300
AI Image Generation,PerfmanHR,Mumbai,"₹ 5,000-15,000 /month",/internship/detail/ai-image-generation-internship-in-mumbai-at-perfmanhr1742021157
LLM Prompt Engineer,Indiaum Solutions,Work from home,"₹ 7,000-30,000 /month",/internship/detail/work-from-home-llm-prompt-engineer-internship-at-indiaum-solutions1742017931
RLHF Specialist For Large Language Models,Indiaum Solutions,Work from home,"₹ 10,000-30,000 /month",/internship/detail/work-from-home-rlhf-specialist-for-large-language-models-internship-at-indiaum-solutions1742017665
Cloud Computing,S1 SHIPLEE (OPC) PRIVATE LIMITED,Work from home,"₹ 4,000 /month",/internship/detail/work-from-home-cloud-computing-internship-at-s1-shiplee-opc-private-limited1742017020
QA Testing,S1 SHIPLEE (OPC) PRIVATE LIMITED,Work from home,"₹ 3,000 /month",/internship/detail/work-from-home-qa-testing-internship-at-s1-shiplee-opc-private-limited1742016947
Machine Learning,Aadhvik Technologies,Work from home,"₹ 1,000 /month",/internship/detail/work-from-home-part-time-machine-learning-internship-at-aadhvik-technologies1742015483
Artificial Intelligence And Machine Learning - Content Writing,Earth5R,Work from home,Unpaid,/internship/detail/work-from-home-part-time-artificial-intelligence-and-machine-learning-content-writing-internship-at-earth5r1742015455
Full Stack Development,S1 SHIPLEE (OPC) PRIVATE LIMITED,Work from home,"₹ 5,000 /month",/internship/detail/work-from-home-full-stack-development-internship-at-s1-shiplee-opc-private-limited1742015424
Backend Development,S1 SHIPLEE (OPC) PRIVATE LIMITED,Work from home,"₹ 5,000 /month",/internship/detail/work-from-home-backend-development-internship-at-s1-shiplee-opc-private-limited1742015371
AWS Cloud Management,Talent Corner HR Services,Mumbai,"₹ 5,000 /month",/internship/detail/aws-cloud-management-internship-in-mumbai-at-talent-corner-hr-services1742014568
Software Development,DeepTech Launchpad,"Coimbatore, Pollachi, Avinashi, Tiruppur, Mettupalayam","₹ 4,000-8,000 /month",/internship/detail/software-development-internship-in-multiple-locations-at-deeptech-launchpad1742011215
Technical Research,Big Bulls,Work from home,"₹ 10,000 /month +  Incentives",/internship/detail/work-from-home-part-time-technical-research-internship-at-big-bulls1742008000
Software Testing,ONE XL INFO LLP,Pune,"₹ 7,000 /month",/internship/detail/software-testing-internship-in-pune-at-one-xl-info-llp1741958982
Full Stack Development,Digital Guruji,Work from home,"₹ 5,000 /month",/internship/detail/work-from-home-part-time-full-stack-development-internship-at-digital-guruji1741956024
Front End Development,Aadhvik Technologies,Work from home,"₹ 1,000 /month",/internship/detail/work-from-home-part-time-front-end-development-internship-at-aadhvik-technologies1741955280
Front End Development,Aadhvik Technologies,Work from home,"₹ 1,000 /month",/internship/detail/work-from-home-part-time-front-end-development-internship-at-aadhvik-technologies1741955280
SQL DEVELOPER,Aadhvik Technologies,Work from home,"₹ 1,000 /month",/internship/detail/work-from-home-part-time-sql-developer-internship-at-aadhvik-technologies1741955258
Business Research,Deepneural Technologies Private Limited,Work from home,"₹ 5,000-5,001 /month",/internship/detail/work-from-home-part-time-business-research-internship-at-deepneural-technologies-private-limited1741921148
Software Development Engineering (Web),ProGlobal Software Private Limited,Bangalore,"₹ 4,000 /month",/internship/detail/software-development-engineering-web-internship-in-bangalore-at-proglobal-software-private-limited1741895330
Linux Kernel Development,Vicharak Computers LLP,Surat,"₹ 14,000-20,000 /month",/internship/detail/linux-kernel-development-internship-in-surat-at-vicharak-computers-llp1741868303
FPGA DEVELOPER,Vicharak Computers LLP,Surat,"₹ 15,000-20,000 /month",/internship/detail/fpga-developer-internship-in-surat-at-vicharak-computers-llp1741867071
Embedded Firmware Developer,Vicharak Computers LLP,Surat,"₹ 16,000-20,000 /month",/internship/detail/embedded-firmware-developer-internship-in-surat-at-vicharak-computers-llp1741866670
Shopify Developer,Acrux International,Work from home,"₹ 5,000 /month",/internship/detail/work-from-home-part-time-shopify-developer-internship-at-acrux-international1741864802
Systems Software Development,Vicharak Computers LLP,Surat,"₹ 15,000-20,000 /month",/internship/detail/systems-software-development-internship-in-surat-at-vicharak-computers-llp1741863865
Mobile App Development,Moonrider,Bangalore,"₹ 20,000 /month",/internship/detail/mobile-app-development-internship-in-bangalore-at-moonrider1741863794
Cloud And Backend Development,Moonrider,Bangalore,"₹ 20,000 /month",/internship/detail/cloud-and-backend-development-internship-in-bangalore-at-moonrider1741863327
Full Stack Development,Beyond 8,Work from home,"₹ 10,000-15,000 /month",/internship/detail/work-from-home-full-stack-development-internship-at-beyond-81741858589
WordPress & Shopify Development,Webalar,Work from home,"₹ 7,500-10,000 /month",/internship/detail/work-from-home-wordpress-shopify-development-internship-at-webalar1741857544
Low-Level Design/High-Level Design Instruction,Tutedude,Work from home,"₹ 25,000 /month",/internship/detail/work-from-home-part-time-low-level-design-high-level-design-instruction-internship-at-tutedude1741857193
Artificial Intelligence (AI) & Machine Learning,Moonrider,Bangalore,"₹ 20,000 /month",/internship/detail/artificial-intelligence-ai-machine-learning-internship-in-bangalore-at-moonrider1741856731
iOS App Development,AIMDek,Ahmedabad,"₹ 10,000 /month",/internship/detail/ios-app-development-internship-in-ahmedabad-at-aimdek1741856234
Sales Development,Kratikal Tech Private Limited,Noida,"₹ 15,000 /month",/internship/detail/sales-development-internship-in-noida-at-kratikal-tech-private-limited1741855109
Flutter Development (AI VIBE Coding),Bal Sansar Sanstha,Work from home,"₹ 4,000 /month",/internship/detail/work-from-home-flutter-development-ai-vibe-coding-internship-at-bal-sansar-sanstha1741854773
QA Testing,Winwall Technology India Private Limited (WTIPL),"Navi Mumbai, Mumbai","₹ 10,000 /month",/internship/detail/qa-testing-internship-in-multiple-locations-at-winwall-technology-india-private-limited-wtipl1741851573
Unity Game Development,IDZ Digital Private Limited,Work from home,"₹ 8,000 /month",/internship/detail/work-from-home-unity-game-development-internship-at-idz-digital-private-limited1741850893
QA Testing,Brave Artificial Intelligence Laboratory,Work from home,"₹ 15,000-25,000 /month",/internship/detail/work-from-home-part-time-qa-testing-internship-at-brave-artificial-intelligence-laboratory1741849042
Android App Development,Brave Artificial Intelligence Laboratory,Work from home,"₹ 15,000-25,000 /month",/internship/detail/work-from-home-android-app-development-internship-at-brave-artificial-intelligence-laboratory1741848563
Front End Development,Brave Artificial Intelligence Laboratory,Work from home,"₹ 15,000-25,000 /month",/internship/detail/work-from-home-front-end-development-internship-at-brave-artificial-intelligence-laboratory1741848541
Backend Development,Brave Artificial Intelligence Laboratory,Work from home,"₹ 10,000-25,000 /month",/internship/detail/work-from-home-backend-development-internship-at-brave-artificial-intelligence-laboratory1741848521
Frontend Development (React.js),Astute Lex Servicado Private Limited,Work from home,"₹ 5,000 /month",/internship/detail/work-from-home-frontend-development-reactjs-internship-at-astute-lex-servicado-private-limited1741845586
Full Stack Development,Xangam.io,Work from home,"₹ 25,000-30,000 /month",/internship/detail/work-from-home-full-stack-development-internship-at-xangamio1741845222
Technical Operations,Quantazone,Work from home,"₹ 7,500 /month",/internship/detail/work-from-home-technical-operations-internship-at-quantazone1741844955
Data Analytics,Redwood Algorithms,Work from home,"₹ 10,000 /month",/internship/detail/work-from-home-data-analytics-internship-at-redwood-algorithms1741844875
WordPress Development,Gaincafe Technologies Private Limited,Jaipur,"₹ 7,000 /month",/internship/detail/wordpress-development-internship-in-jaipur-at-gaincafe-technologies-private-limited1741844848
Artificial Intelligence (AI),August AI,Bangalore,"₹ 30,000 /month",/internship/detail/artificial-intelligence-ai-internship-in-bangalore-at-august-ai1741844464
Swift App Development,Vivek Dubey,Work from home,"₹ 10,000 /month",/internship/detail/work-from-home-swift-app-development-internship-at-vivek-dubey1741844120
Artificial Intelligence (AI),August AI,Bangalore,"₹ 30,000 /month",/internship/detail/artificial-intelligence-ai-internship-in-bangalore-at-august-ai1741843924
3D Animation,WebTree Global Private Limited,Work from home,"₹ 1,000-2,000 /month",/internship/detail/work-from-home-3d-animation-internship-at-webtree-global-private-limited1741843719
Front End Development,August AI,Bangalore,"₹ 30,000 /month",/internship/detail/front-end-development-internship-in-bangalore-at-august-ai1741842202
.NET Development,A Plus Solution,Mumbai,"₹ 10,000-20,000 /month",/internship/detail/net-development-internship-in-mumbai-at-a-plus-solution1741840665
WordPress Development,X1 Race LLP,Work from home,"₹ 15,000-25,000 /month",/internship/detail/work-from-home-wordpress-development-internship-at-x1-race-llp1741828831
Web Development,Online Eduversity,Mumbai,"₹ 10,000 /month",/internship/detail/web-development-internship-in-mumbai-at-online-eduversity1741795014
Python Development,Hairdrama.com,Ahmedabad,"₹ 10,000 /month",/internship/detail/python-development-internship-in-ahmedabad-at-hairdramacom1741778989
Software Development Engineering (Mobile - Hybrid),Shrim Technolab LLP,Rajkot,"₹ 12,000 /month",/internship/detail/software-development-engineering-mobile-hybrid-internship-in-rajkot-at-shrim-technolab-llp1741771706
Full Stack Development,Go Digital Technology Consulting,Mumbai,"₹ 15,000 /month",/internship/detail/full-stack-development-internship-in-mumbai-at-go-digital-technology-consulting1741782387
JavaScript Development,IIDE Education Private Limited,Mumbai,"₹ 5,000 /month",/internship/detail/javascript-development-internship-in-mumbai-at-iide-education-private-limited1741781490
JavaScript Development,IIDE Education Private Limited,Mumbai,"₹ 5,000 /month",/internship/detail/javascript-development-internship-in-mumbai-at-iide-education-private-limited1741781490
Machine Learning,Jivichem Synthesis Private Limited,Work from home,"₹ 25,000 /month",/internship/detail/work-from-home-part-time-machine-learning-internship-at-jivichem-synthesis-private-limited1741781411
Artificial Intelligence (AI),RevoltronX,Work from home,"₹ 3,000 /month",/internship/detail/work-from-home-artificial-intelligence-ai-internship-at-revoltronx1741781097
Software Development Engineering (Web),Itrix Incorporation,Nashik,"₹ 5,000-10,000 /month",/internship/detail/software-development-engineering-web-internship-in-nashik-at-itrix-incorporation1741780620
Product Management,Partsformachines,Jaipur,"₹ 15,000 /month",/internship/detail/product-management-internship-in-jaipur-at-partsformachines1741779081
Flutter Development,NewZenAlpha Tech,Work from home,"₹ 15,000-20,000 /month",/internship/detail/work-from-home-flutter-development-internship-at-newzenalpha-tech1741778778
Product Management,Buddha Education Association Incorporation,"Ahmedabad, Chandigarh, Chennai, Coimbatore, Pune, Surat, Ahmednagar, Bangalore, Vadodara, Mumbai, Kochi, Jaipur, Nagpur, Nashik, Goa Velha","₹ 20,000 /month",/internship/detail/product-management-internship-in-multiple-locations-at-buddha-education-association-incorporation1741772145
Web Development,Wrexa Technologies LLC,Chennai,"₹ 9,000-12,000 /month",/internship/detail/web-development-internship-in-chennai-at-wrexa-technologies-llc1741771090
Web Development,Jivichem Synthesis Private Limited,Work from home,"₹ 6,000 /month",/internship/detail/work-from-home-web-development-internship-at-jivichem-synthesis-private-limited1741770998
Android App Development,Jivichem Synthesis Private Limited,Work from home,"₹ 20,000 /month",/internship/detail/work-from-home-android-app-development-internship-at-jivichem-synthesis-private-limited1741769491
Angular.js Development,Quantasis Private Limited,"Thane, Mumbai, Navi Mumbai","₹ 8,000-12,000 /month",/internship/detail/angularjs-development-internship-in-multiple-locations-at-quantasis-private-limited1741769040
Artificial Intelligence (AI),Jivichem Synthesis Private Limited,Work from home,"₹ 22,000 /month",/internship/detail/work-from-home-artificial-intelligence-ai-internship-at-jivichem-synthesis-private-limited1741768777
Asp.net Development,Cloudprix Technology Solutions,Nagpur,"₹ 2,000 /month",/internship/detail/aspnet-development-internship-in-nagpur-at-cloudprix-technology-solutions1741767505
Artificial Intelligence And Machine Learning,iTech Mission Private Limited,"Delhi, Gurgaon, Noida","₹ 15,000 /month",/internship/detail/artificial-intelligence-and-machine-learning-internship-in-multiple-locations-at-itech-mission-private-limited1741760706
PHP Development,Kalam Academy,Work from home,"₹ 4,000-7,000 /month",/internship/detail/work-from-home-php-development-internship-at-kalam-academy1741760060
Backend Development,Biztel.ai,Work from home,"₹ 12,000 /month",/internship/detail/work-from-home-backend-development-internship-at-biztelai1741758784
Full Stack Development,The Sales Studio,Work from home,"₹ 12,000 /month",/internship/detail/work-from-home-full-stack-development-internship-at-the-sales-studio1741756763
Full Stack Development,TechWire Studio,Work from home,"₹ 10,000 /month",/internship/detail/work-from-home-full-stack-development-internship-at-techwire-studio1741755494
Game Development,WebTree Global Private Limited,Work from home,"₹ 1,000 lump sum +  Incentives",/internship/detail/work-from-home-game-development-internship-at-webtree-global-private-limited1741756066
Three.js Development,X1 Race LLP,Work from home,"₹ 15,000-25,000 /month",/internship/detail/work-from-home-threejs-development-internship-at-x1-race-llp1741756031
Three.js Development,Aadi Foundation,Work from home,"₹ 1,000-20,000 /month",/internship/detail/work-from-home-threejs-development-internship-at-aadi-foundation1741755922
WordPress Development,Big Internet E-commerce Private Limited,Work from home,"₹ 10,000 /month",/internship/detail/work-from-home-wordpress-development-internship-at-big-internet-e-commerce-private-limited1741755720
Python Development,Nagiban,Work from home,"$ 1,000 /month +  Incentives",/internship/detail/work-from-home-part-time-python-development-internship-at-nagiban1741755505
Quality Engineering,Arcatron Mobility Private Limited,"Pune, Katraj","₹ 18,000 /month",/internship/detail/quality-engineering-internship-in-multiple-locations-at-arcatron-mobility-private-limited1741754955
Flutter Development,Pianalytix Edutech Private Limted,Work from home,"₹ 15,000 /month",/internship/detail/work-from-home-flutter-development-internship-at-pianalytix-edutech-private-limted1741750277
Blockchain Development,X1 Race LLP,Work from home,"₹ 20,000-30,000 /month",/internship/detail/work-from-home-blockchain-development-internship-at-x1-race-llp1741742999
Flutter Development,Indika AI Private Limited,Delhi,"₹ 5,000-7,000 /month",/internship/detail/flutter-development-internship-in-delhi-at-indika-ai-private-limited1741720822
Software Analyst (eCommerce),CZ Smart Mobility,Chennai,"₹ 6,000-8,000 /month",/internship/detail/software-analyst-ecommerce-internship-in-chennai-at-cz-smart-mobility1741700896
Computer Vision,Faclon,Mumbai,"₹ 10,000 /month",/internship/detail/computer-vision-internship-in-mumbai-at-faclon1741695876
Full Stack Development,Da Alohas,Work from home,"₹ 4,000-12,000 /month",/internship/detail/work-from-home-full-stack-development-internship-at-da-alohas1741693710
Backend Development,Global Groupware Solutions Limited,Work from home,"₹ 25,000-35,000 /month",/internship/detail/work-from-home-backend-development-internship-at-global-groupware-solutions-limited1741690585
Compter Networking Research Associate,Megaminds IT Services,Work from home,"₹ 6,000-8,000 /month",/internship/detail/work-from-home-compter-networking-research-associate-internship-at-megaminds-it-services1741690247
Rust Developer,Codezero2pi Solution (OPC) Private Limited,Work from home,"₹ 12,000 /month",/internship/detail/work-from-home-rust-developer-internship-at-codezero2pi-solution-opc-private-limited1741689517
Generative AI,Pixlia,Work from home,"₹ 15,000 /month",/internship/detail/work-from-home-generative-ai-internship-at-pixlia1741688819
QA Testing,Adit,Ahmedabad,"₹ 8,000 /month",/internship/detail/qa-testing-internship-in-ahmedabad-at-adit1741685629
Data Science,Akaike Technologies,Bangalore,"₹ 45,000 /month",/internship/detail/data-science-internship-in-bangalore-at-akaike-technologies1741684940
AI Full Stack Developer,Livesitter,Work from home,"₹ 15,000 /month",/internship/detail/work-from-home-ai-full-stack-developer-internship-at-livesitter1741684571
Flutter Development,Codezero2pi Solution (OPC) Private Limited,Work from home,"₹ 15,000 /month",/internship/detail/work-from-home-flutter-development-internship-at-codezero2pi-solution-opc-private-limited1741684182
Wix Website Development,Rutuja Jadhav,Work from home,"₹ 1,000 lump sum",/internship/detail/work-from-home-part-time-wix-website-development-internship-at-rutuja-jadhav1741683349
ERP Operator,Unitepro Tech Private Limited,"Faridabad, Delhi, Ghaziabad, Gurgaon, Greater Noida, Noida","₹ 8,000-9,000 /month",/internship/detail/erp-operator-internship-in-multiple-locations-at-unitepro-tech-pvt-ltd1741681748
Shopify Website Development,Brandshark,Bangalore,"₹ 10,000 /month",/internship/detail/shopify-website-development-internship-in-bangalore-at-brandshark1741679748
Shopify Website Development,Brandshark,Bangalore,"₹ 10,000 /month",/internship/detail/shopify-website-development-internship-in-bangalore-at-brandshark1741679748
Front End Development,Idea Usher,Work from home,"₹ 10,000-15,000 /month",/internship/detail/work-from-home-front-end-development-internship-at-idea-usher1741678091
Angular.js Development,Obex Healthcare,Hyderabad,"₹ 3,000 /month +  Incentives",/internship/detail/angularjs-development-internship-in-hyderabad-at-obex-healthcare1741677743
ReactJS Development,Obex Healthcare,Hyderabad,"₹ 3,000 /month +  Incentives",/internship/detail/reactjs-development-internship-in-hyderabad-at-obex-healthcare1741677688
Shopify Expert,Aamber,Work from home,"₹ 5,000-10,000 /month",/internship/detail/work-from-home-shopify-expert-internship-at-aamber1741676054
PHP Development,Appexigo Technologies Private Limited,"Delhi, Noida","₹ 8,000 /month",/internship/detail/php-development-internship-in-multiple-locations-at-appexigo-technologies-private-limited1741675927
PHP Development,First Point Creations,"Delhi, Badarpur","₹ 5,000-6,000 /month",/internship/detail/php-development-internship-in-multiple-locations-at-first-point-creations1741675752
Agriculture Quality Evaluation And Data Monitoring,Agrograde Robotics,"Pimpri-Chinchwad, Chakan","₹ 12,500 /month",/internship/detail/agriculture-quality-evaluation-and-data-monitoring-internship-in-multiple-locations-at-agrograde-robotics1741673730
Front End Development,Global Groupware Solutions Limited,Work from home,"₹ 25,000-35,000 /month",/internship/detail/work-from-home-front-end-development-internship-at-global-groupware-solutions-limited1741673616
Product Management,LNS Mundra,Mumbai,"₹ 7,000 /month",/internship/detail/product-management-internship-in-mumbai-at-lns-mundra1741672963
QA Testing,Jeev AI Private Limited,Mysuru,"₹ 5,000 /month",/internship/detail/qa-testing-internship-in-mysuru-at-jeev-ai-private-limited1741665400
Android App Development,Pragament Tech Solutions Private Limited,Hyderabad,"₹ 2,000 /month +  Incentives",/internship/detail/android-app-development-internship-in-hyderabad-at-pragament-tech-solutions-private-limited1741664656
Web Development,BricksOwnX,Work from home,"₹ 3,000-5,000 /month",/internship/detail/work-from-home-web-development-internship-at-charan-edison-arulraj1741671532
Web Developer,IDZ Digital Private Limited,Mumbai,"₹ 8,000 /month",/internship/detail/web-developer-internship-in-mumbai-at-idz-digital-private-limited1741670797
Front End Development,HeyCloudy,Work from home,"₹ 2,000 /month",/internship/detail/work-from-home-part-time-front-end-development-internship-at-heycloudy1741669198
Online ISC Computer Science Tutor,Narigiri's Connect To Universe Private Limited,Work from home,"₹ 1,000-8,000 /month",/internship/detail/work-from-home-part-time-online-isc-computer-science-tutor-internship-at-narigiris-connect-to-universe-private-limited1741669093
QA Testing,Rydeu Logistics UG,Work from home,"₹ 8,000-12,000 /month",/internship/detail/work-from-home-part-time-qa-testing-internship-at-rydeu-logistics-ug1741668872
Automation Testing,Ziegler Aerospace,Hyderabad,"₹ 8,000-10,000 /month",/internship/detail/automation-testing-internship-in-hyderabad-at-ziegler-aerospace1741668530
Project Management,Urja Talents,Mumbai,"₹ 3,500-8,000 /month",/internship/detail/project-management-internship-in-mumbai-at-urja-talents1741667765
Web Development,Genesis,Work from home,"₹ 25,000-30,000 /month",/internship/detail/work-from-home-part-time-web-development-internship-at-genesis1741665738
PHP Development,SoftSolvate,Delhi,"₹ 4,000-7,000 /month",/internship/detail/php-development-internship-in-delhi-at-softsolvate1741618822
Python Development,Crosspoles,Jaipur,"₹ 10,000 /month",/internship/detail/python-development-internship-in-jaipur-at-crosspoles1741609989
iOS App Development,HUMMRCHAT LTD,Cochin,"₹ 10,000 /month",/internship/detail/ios-app-development-internship-in-cochin-at-hummrchat-ltd1741608629
Algorithm Trading,SDSR Consultancy Services Private Limited,Kolkata,"₹ 10,000 /month",/internship/detail/algorithm-trading-internship-in-kolkata-at-sdsr-consultancy-services-private-limited1741608143
Web Development,Webstuff,Thane,"₹ 8,000 /month",/internship/detail/web-development-internship-in-thane-at-webstuff1741600083
Web Development,Hudi Enterprise,Work from home,"₹ 7,500 /month",/internship/detail/work-from-home-web-development-internship-at-hudi-enterprise1741605490
Software Developer,Growspace M2M,Jaipur,"₹ 10,000-15,000 /month",/internship/detail/software-developer-internship-in-jaipur-at-growspace-m2m1741604484
iOS App Development,CodeFobe,Work from home,"₹ 15,000 /month",/internship/detail/work-from-home-ios-app-development-internship-at-codefobe1741604264
Mobile App Development,MentorBoxx,"Pune, Mumbai","₹ 25,000 /month",/internship/detail/part-time-mobile-app-development-internship-in-multiple-locations-at-mentorboxx1741603082
Artificial Intelligence (AI),MentorBoxx,Work from home,"₹ 25,000 /month",/internship/detail/work-from-home-part-time-artificial-intelligence-ai-internship-at-mentorboxx1741602779
Codeigniter Developer,Obex Healthcare,Hyderabad,"₹ 6,000 /month +  Incentives",/internship/detail/codeigniter-developer-internship-in-hyderabad-at-obex-healthcare1741601457
